dataset,label_col,split_type,method,alpha,n_pool,pool_actives,pool_prevalence,n_test,test_actives,test_prevalence,mean_norm_ausc,std_norm_ausc,mean_ef,std_ef,mean_final_hits,std_final_hits,mean_final_recall,std_final_recall,mean_final_roc_auc,mean_final_pr_auc,mean_final_alpha,std_final_alpha
bace,Class,scaffold,exploitation,0.00,1210,631,0.521488,303,60,0.198020,1.4736,0.0105,1.4957,0.0251,390.00,6.53,0.6181,0.0104,0.7209,0.4813,0.0000,0.0000
bace,Class,scaffold,fixed_alpha,0.10,1210,631,0.521488,303,60,0.198020,1.4371,0.0131,1.4305,0.0353,373.00,9.20,0.5911,0.0146,0.7151,0.4875,0.1000,0.0000
bace,Class,scaffold,fixed_alpha,0.25,1210,631,0.521488,303,60,0.198020,1.3250,0.0484,1.3052,0.0379,340.33,9.88,0.5394,0.0157,0.7568,0.5052,0.2500,0.0000
bace,Class,scaffold,fixed_alpha,0.50,1210,631,0.521488,303,60,0.198020,1.0751,0.0510,1.1020,0.0208,287.33,5.44,0.4554,0.0086,0.7984,0.5512,0.5000,0.0000
bace,Class,scaffold,fixed_alpha,0.75,1210,631,0.521488,303,60,0.198020,1.0873,0.0371,1.0700,0.0273,279.00,7.12,0.4422,0.0113,0.8132,0.5931,0.7500,0.0000
bace,Class,scaffold,fixed_alpha,1.00,1210,631,0.521488,303,60,0.198020,1.0541,0.0538,1.0521,0.0417,274.33,10.87,0.4348,0.0172,0.7994,0.5351,1.0000,0.0000
bace,Class,scaffold,bandit,bandit,1210,631,0.521488,303,60,0.198020,1.4213,0.0142,1.4727,0.0094,384.00,2.45,0.6086,0.0039,0.7246,0.4943,0.4167,0.2357
